Dataset,Total Ratings,Mean,Median,Std,Min,Max,Skewness,>=3.5 (%)
Processed Movies,1725114,3.267135389313402,3.5,1.0936491074389232,0.5,5.0,-0.5952004758107784,54.111438432474614
Train Dl,1380091,3.2670773159161244,3.5,1.0937715744575376,0.5,5.0,-0.5947471844966166,54.116648829678624
Test Common,345023,3.2673676827341946,3.5,1.0931606562097347,0.5,5.0,-0.5970183940373471,54.090596858760144
